<annotation>
	<folder>JPEGImages</folder>
	<filename>00.jpg</filename>
	<path>G:\人工智能\yolo3-keras-master\VOCdevkit\VOC2007\JPEGImages\00.jpg</path>
	<source>
		<database>Unknown</database>
	</source>
	<size>
		<width>500</width>
		<height>375</height>
		<depth>3</depth>
	</size>
	<segmented>0</segmented>
	<object>
		<name>cp</name>
		<pose>Unspecified</pose>
		<truncated>0</truncated>
		<difficult>0</difficult>
		<bndbox>
			<xmin>209</xmin>
			<ymin>279</ymin>
			<xmax>300</xmax>
			<ymax>308</ymax>
		</bndbox>
	</object>
</annotation>
