<annotation>
	<folder>JPEGImages</folder>
	<filename>05.jpg</filename>
	<path>G:\人工智能\yolo3-keras-master\VOCdevkit\VOC2007\JPEGImages\05.jpg</path>
	<source>
		<database>Unknown</database>
	</source>
	<size>
		<width>500</width>
		<height>375</height>
		<depth>3</depth>
	</size>
	<segmented>0</segmented>
	<object>
		<name>cp</name>
		<pose>Unspecified</pose>
		<truncated>0</truncated>
		<difficult>0</difficult>
		<bndbox>
			<xmin>120</xmin>
			<ymin>115</ymin>
			<xmax>368</xmax>
			<ymax>193</ymax>
		</bndbox>
	</object>
	<object>
		<name>cp</name>
		<pose>Unspecified</pose>
		<truncated>0</truncated>
		<difficult>0</difficult>
		<bndbox>
			<xmin>119</xmin>
			<ymin>202</ymin>
			<xmax>371</xmax>
			<ymax>285</ymax>
		</bndbox>
	</object>
</annotation>
