<annotation>
	<folder>JPEGImages</folder>
	<filename>08.jpg</filename>
	<path>G:\人工智能\yolo3-keras-master\VOCdevkit\VOC2007\JPEGImages\08.jpg</path>
	<source>
		<database>Unknown</database>
	</source>
	<size>
		<width>500</width>
		<height>375</height>
		<depth>3</depth>
	</size>
	<segmented>0</segmented>
	<object>
		<name>cp</name>
		<pose>Unspecified</pose>
		<truncated>0</truncated>
		<difficult>0</difficult>
		<bndbox>
			<xmin>173</xmin>
			<ymin>150</ymin>
			<xmax>344</xmax>
			<ymax>221</ymax>
		</bndbox>
	</object>
</annotation>
