<annotation>
	<folder>JPEGImages</folder>
	<filename>14.jpg</filename>
	<path>G:\人工智能\yolo3-keras-master\VOCdevkit\VOC2007\JPEGImages\14.jpg</path>
	<source>
		<database>Unknown</database>
	</source>
	<size>
		<width>400</width>
		<height>300</height>
		<depth>3</depth>
	</size>
	<segmented>0</segmented>
	<object>
		<name>cp</name>
		<pose>Unspecified</pose>
		<truncated>0</truncated>
		<difficult>0</difficult>
		<bndbox>
			<xmin>152</xmin>
			<ymin>124</ymin>
			<xmax>254</xmax>
			<ymax>158</ymax>
		</bndbox>
	</object>
</annotation>
